Feature,Importance
chr1_2284767_G_A_A,0.0
chr11_92105269_A_G_G,0.0
chr12_66921728_C_A_A,0.0
chr12_70069121_T_C_C,0.0
chr12_70158718_A_G_G,0.0
chr12_70310589_CTATG_C_C,0.0
chr12_70330452_G_A_A,0.0
chr12_70349619_T_C_C,0.0
chr12_85227287_T_A_A,0.0
chr12_85262042_G_C_C,0.0
chr12_116074116_C_T_T,0.0
chr12_116082588_T_C_C,0.0
chr12_116111368_T_C_C,0.0
chr12_116157365_C_T_T,0.0
chr12_116182832_G_T_T,0.0
chr12_116207715_C_T_T,0.0
chr12_116232860_G_A_A,0.0
chr12_116283798_A_C_C,0.0
chr12_116515244_G_GC_G,0.0
chr12_119433004_G_C_C,0.0
chr12_119444610_CTG_C_C,0.0
chr12_121052802_C_T_C,0.0
chr12_121146535_C_G_G,0.0
chr12_121146568_A_G_G,0.0
chr12_121146595_C_T_T,0.0
chr12_121146681_C_G_G,0.0
chr12_126360306_C_T_T,0.0
chr12_129434659_GTT_G_G,0.0
chr12_129441086_T_C_C,0.0
chr12_40607737_T_G_G,0.0
chr12_40607731_T_A_A,0.0
chr12_40586882_C_T_T,0.0
chr11_92194969_T_C_C,0.0
chr11_92113960_G_T_T,0.0
chr11_92150565_T_A_A,0.0
chr11_92155509_A_T_T,0.0
chr11_92170577_T_C_C,0.0
chr11_92171122_A_G_G,0.0
chr11_92174764_A_G_G,0.0
chr11_92175674_C_A_A,0.0
chr11_92176679_G_A_A,0.0
chr11_92179127_G_A_A,0.0
chr11_92186845_T_G_G,0.0
chr11_92193132_C_T_T,0.0
chr11_92194502_G_C_C,0.0
chr11_92199311_C_T_T,0.0
chr12_40534772_C_T_T,0.0
chr11_92211904_A_G_A,0.0
chr11_92212299_G_T_G,0.0
chr11_98375179_C_T_T,0.0
chr11_98378034_C_G_G,0.0
chr12_1411896_TAGAA_T_T,0.0
chr12_3313430_A_T_T,0.0
chr12_10021012_G_A_A,0.0
chr12_11219324_T_G_G,0.0
chr12_25227906_G_A_A,0.0
chr12_28055134_G_A_A,0.0
chr12_40453118_T_C_C,0.0
chr12_40477658_A_T_T,0.0
chr12_129443860_G_A_A,0.0
chr12_129443877_G_A_A,0.0
chr12_129444022_C_T_T,0.0
chr15_60092674_T_G_G,0.0
chr14_83004403_A_T_T,0.0
chr14_83036064_A_G_G,0.0
chr14_92502150_GTTGACA_G_G,0.0
chr15_24151922_A_G_G,0.0
chr15_27003797_G_A_A,0.0
chr15_36537510_G_A_A,0.0
chr15_45635335_A_G_G,0.0
chr15_46818615_C_G_G,0.0
chr15_56947293_T_G_G,0.0
chr15_57309201_T_C_C,0.0
chr15_59240662_C_T_T,0.0
chr15_60039820_C_A_A,0.0
chr15_67038339_G_A_A,0.0
chr14_80409568_G_A_A,0.0
chr15_86117421_C_G_G,0.0
chr15_86120756_T_C_C,0.0
chr15_87084819_C_CTA_CTA,0.0
chr15_92080610_A_G_G,0.0
chr15_92081094_C_A_A,0.0
chr15_92081106_G_T_T,0.0
chr15_92081202_A_T_T,0.0
chr15_101074849_T_C_C,0.0
chr15_101390109_G_A_G,0.0
chr15_101390470_C_G_G,0.0
chr16_968189_T_G_G,0.0
chr16_968938_T_C_C,0.0
chr14_82996544_G_A_A,0.0
chr14_80406404_T_A_A,0.0
chr12_129445301_C_A_A,0.0
chr14_20621616_C_A_A,0.0
chr13_22080428_T_A_A,0.0
chr13_22080545_A_G_G,0.0
chr13_23001016_G_C_C,0.0
chr13_24363422_A_C_C,0.0
chr13_28346786_T_C_C,0.0
chr13_28347144_G_A_A,0.0
chr13_28347344_A_G_G,0.0
chr13_29683866_A_G_G,0.0
chr13_29684735_T_C_C,0.0
chr13_99566532_T_G_T,0.0
chr13_99568583_A_G_A,0.0
chr13_111180363_T_C_C,0.0
chr14_20728182_G_A_A,0.0
chr14_77542079_C_A_A,0.0
chr14_40285232_G_A_A,0.0
chr14_40296559_C_A_A,0.0
chr14_51322710_A_G_G,0.0
chr14_51352291_A_G_G,0.0
chr14_53911393_A_G_G,0.0
chr14_54700654_G_A_A,0.0
chr14_61293309_C_T_T,0.0
chr14_61307815_C_T_T,0.0
chr14_73466853_C_T_T,0.0
chr14_73467696_G_T_T,0.0
chr14_73468421_A_G_G,0.0
chr14_73497341_A_G_G,0.0
chr11_92107337_G_A_A,0.0
chr11_79502497_C_G_G,0.0
chr16_3078978_C_A_A,0.0
chr11_79502493_G_A_A,0.0
chr10_101571887_G_T_G,0.0
chr10_101572425_C_T_C,0.0
chr10_101572509_T_C_T,0.0
chr10_103968397_C_T_T,0.0
chr10_103970521_A_G_G,0.0
chr10_103972348_A_G_G,0.0
chr10_103972870_A_G_G,0.0
chr10_103979077_G_A_A,0.0
chr10_103983092_G_A_A,0.0
chr10_103983564_G_C_C,0.0
chr10_103987096_G_T_T,0.0
chr10_103992209_A_G_G,0.0
chr10_103993569_T_C_C,0.0
chr10_103995206_G_A_A,0.0
chr10_103996133_T_C_C,0.0
chr10_104003175_G_A_A,0.0
chr10_104008168_G_A_A,0.0
chr10_104008455_G_A_A,0.0
chr10_104009939_A_G_G,0.0
chr10_104011223_A_G_G,0.0
chr10_104013429_A_G_G,0.0
chr10_104017096_C_CT_CT,0.0
chr10_104017635_A_G_G,0.0
chr10_104019597_C_T_T,0.0
chr10_104040570_GTGGA_G_G,0.0
chr10_104059598_G_A_A,0.0
chr10_104093489_C_T_T,0.0
chr10_97685782_T_C_C,0.0
chr10_96616028_G_T_G,0.0
chr10_93394364_AGT_A_A,0.0
chr10_63505924_G_A_A,0.0
chr10_37491656_G_A_A,0.0
chr10_37500301_A_G_G,0.0
chr10_37514199_G_T_T,0.0
chr10_37516325_G_A_A,0.0
chr10_37518312_C_T_T,0.0
chr10_37519731_G_A_A,0.0
chr10_52755442_C_T_T,0.0
chr10_53120184_A_C_C,0.0
chr10_53170094_A_G_G,0.0
chr10_54414748_A_G_G,0.0
chr10_63360946_G_A_A,0.0
chr10_63385361_G_A_A,0.0
chr10_63513578_A_G_G,0.0
chr10_93392299_A_AT_AT,0.0
chr10_63539990_C_T_T,0.0
chr10_63540814_G_A_A,0.0
chr10_63545055_C_G_G,0.0
chr10_63556019_C_A_A,0.0
chr10_71126390_T_C_C,0.0
chr10_73242294_A_G_G,0.0
chr10_73502638_C_A_A,0.0
chr10_78742740_A_G_A,0.0
chr10_93193863_C_T_C,0.0
chr10_93328387_A_G_A,0.0
chr10_93369907_A_C_C,0.0
chr10_93375853_T_C_C,0.0
chr10_104099556_G_A_A,0.0
chr10_104109332_G_C_C,0.0
chr10_104145791_T_G_G,0.0
chr11_39848616_G_A_A,0.0
chr11_39834676_G_A_A,0.0
chr11_39834796_G_A_A,0.0
chr11_39834799_G_A_A,0.0
chr11_39834811_A_T_T,0.0
chr11_39839883_CA_C_C,0.0
chr11_39841548_T_C_C,0.0
chr11_39843772_C_T_T,0.0
chr11_39844300_A_T_T,0.0
chr11_39845260_T_C_C,0.0
chr11_39845395_C_A_A,0.0
chr11_39847433_T_C_C,0.0
chr11_39848412_G_C_C,0.0
chr11_39850439_G_A_A,0.0
chr11_39825352_C_A_A,0.0
chr11_39854971_A_G_G,0.0
chr11_39855686_G_A_A,0.0
chr11_39855895_T_C_C,0.0
chr11_39866624_G_A_A,0.0
chr11_44094982_T_G_T,0.0
chr11_44095894_A_G_A,0.0
chr11_69199415_A_G_A,0.0
chr11_71139701_G_A_A,0.0
chr11_71151770_G_A_A,0.0
chr11_79502030_G_C_C,0.0
chr11_79502091_C_T_T,0.0
chr11_79502430_G_A_A,0.0
chr11_39826154_C_T_T,0.0
chr11_39807366_T_A_A,0.0
chr10_104168699_A_G_G,0.0
chr11_25142793_C_T_T,0.0
chr10_104211642_C_T_T,0.0
chr10_104228742_T_C_C,0.0
chr10_104310741_C_T_T,0.0
chr10_104386383_A_T_T,0.0
chr10_104500870_A_G_G,0.0
chr10_104500899_T_G_G,0.0
chr10_104504780_A_G_G,0.0
chr10_104513019_A_C_C,0.0
chr10_104514897_A_G_G,0.0
chr10_123515942_G_A_A,0.0
chr10_129785230_T_C_C,0.0
chr11_11988949_T_C_C,0.0
chr11_35365304_C_T_T,0.0
chr11_39805625_T_C_C,0.0
chr11_39701906_A_G_G,0.0
chr11_39702440_A_AT_A,0.0
chr11_39724767_T_C_C,0.0
chr11_39739929_T_C_C,0.0
chr11_39742960_T_C_C,0.0
chr11_39748712_C_T_T,0.0
chr11_39756122_C_A_A,0.0
chr11_39756445_T_G_G,0.0
chr11_39766655_C_T_T,0.0
chr11_39775957_G_A_A,0.0
chr11_39777888_T_C_C,0.0
chr11_39792357_CTTAAG_C_C,0.0
chr16_970363_C_T_T,0.0
chr16_3162998_G_A_A,0.0
chr10_31057137_C_G_G,0.0
chr19_44897227_T_TG_TG,0.0
chr19_44912383_G_A_A,0.0
chr19_44912456_G_A_A,0.0
chr19_44912678_G_T_T,0.0
chr19_44913034_C_T_T,0.0
chr19_44913221_A_G_A,0.0
chr19_44913574_T_G_G,0.0
chr19_44915533_T_C_C,0.0
chr19_44916825_A_C_C,0.0
chr19_44916828_A_C_C,0.0
chr19_44917086_G_A_A,0.0
chr19_44917843_G_A_A,0.0
chr19_44917947_C_T_T,0.0
chr19_44917997_G_A_A,0.0
chr19_44918393_G_A_A,0.0
chr19_44918487_G_T_T,0.0
chr19_44918620_A_G_A,0.0
chr19_44918715_AG_A_A,0.0
chr19_44918903_C_G_G,0.0
chr19_44919589_G_A_A,0.0
chr19_44919689_A_G_G,0.0
chr19_44920379_G_A_A,0.0
chr19_44920677_G_A_A,0.0
chr19_44921809_G_A_A,0.0
chr19_44921918_T_G_T,0.0
chr19_44922203_A_G_A,0.0
chr19_44922848_C_T_T,0.0
chr19_44923556_C_T_T,0.0
chr19_44911194_T_C_T,0.0
chr19_44910319_C_T_T,0.0
chr19_44909698_A_C_C,0.0
chr19_44901600_T_C_C,0.0
chr19_44897518_T_G_G,0.0
chr19_44898611_T_C_C,0.0
chr19_44899111_C_T_T,0.0
chr19_44899213_C_T_T,0.0
chr19_44899220_C_T_T,0.0
chr19_44899862_C_T_T,0.0
chr19_44899959_C_T_T,0.0
chr19_44900155_C_T_C,0.0
chr19_44900601_A_G_A,0.0
chr19_44901174_T_C_T,0.0
chr19_44901322_G_T_T,0.0
chr19_44901434_A_G_A,0.0
chr19_44901715_T_C_T,0.0
chr19_44907187_G_A_A,0.0
chr19_44901805_A_G_A,0.0
chr19_44902264_G_C_C,0.0
chr19_44903281_C_CG_CG,0.0
chr19_44903416_G_A_A,0.0
chr19_44903861_G_A_A,0.0
chr19_44904180_G_T_T,0.0
chr19_44904463_C_G_G,0.0
chr19_44904531_G_A_A,0.0
chr19_44905218_A_G_G,0.0
chr19_44905579_T_G_T,0.0
chr19_44905910_C_G_C,0.0
chr19_44906745_G_A_A,0.0
chr19_44923805_CAA_C_C,0.0
chr19_44923868_T_A_A,0.0
chr19_44924096_C_G_G,0.0
chr22_27129343_T_C_C,0.0
chr21_42467156_GCAGT_G_GCAGT,0.0
chr21_42470180_G_A_G,0.0
chr21_42470926_T_C_T,0.0
chr21_42471245_C_T_C,0.0
chr21_42472531_T_C_T,0.0
chr22_20237753_C_A_A,0.0
chr22_20238481_C_A_A,0.0
chr22_20239426_G_A_A,0.0
chr22_22889140_C_T_T,0.0
chr22_22889858_C_T_T,0.0
chr22_22889934_C_T_T,0.0
chr22_27129017_G_A_A,0.0
chr22_34443427_A_G_G,0.0
chr21_38536239_A_G_A,0.0
chr22_34449399_CAG_C_C,0.0
chr22_37655992_C_T_T,0.0
chr22_37656284_A_G_G,0.0
chr22_37657902_C_T_T,0.0
chr22_37670549_A_C_C,0.0
chr22_39530957_G_A_A,0.0
chr22_48421648_C_T_C,0.0
chr22_48531736_T_C_T,0.0
chr22_48839585_GGCCACCAAGCTCA_G_G,0.0
chr22_50499364_G_A_A,0.0
chr22_50501479_TA_T_TA,0.0
chr22_50501578_A_G_A,0.0
chr21_42467050_A_G_A,0.0
chr21_38535272_A_G_A,0.0
chr19_44924977_G_A_A,0.0
chr20_9850089_T_C_C,0.0
chr19_44925202_C_T_T,0.0
chr19_44925842_G_A_A,0.0
chr19_44938770_G_A_A,0.0
chr19_50611330_C_T_T,0.0
chr19_51360089_A_G_G,0.0
chr19_51371711_C_T_T,0.0
chr19_57699378_A_G_A,0.0
chr19_57700162_A_G_A,0.0
chr19_57707979_A_G_A,0.0
chr20_297546_T_C_C,0.0
chr20_1337617_T_G_G,0.0
chr20_4091349_G_A_A,0.0
chr20_9882788_G_T_T,0.0
chr21_38532264_T_C_T,0.0
chr20_9892236_G_A_A,0.0
chr20_17888796_G_T_T,0.0
chr20_21414556_A_G_G,0.0
chr20_44446661_G_C_C,0.0
chr20_53580364_G_A_A,0.0
chr20_53580840_GATC_G_G,0.0
chr20_53586459_CA_C_C,0.0
chr21_15234446_G_A_A,0.0
chr21_17088229_C_T_T,0.0
chr21_18038419_A_AT_AT,0.0
chr21_38530952_C_G_G,0.0
chr21_38532056_C_T_C,0.0
chr19_44897468_C_T_T,0.0
chr19_44896639_G_A_A,0.0
chr16_8722704_G_A_A,0.0
chr19_44896087_G_T_T,0.0
chr16_69190339_G_C_C,0.0
chr16_87701428_G_A_A,0.0
chr16_87701921_G_A_A,0.0
chr16_90013126_A_G_A,0.0
chr16_90014283_T_C_T,0.0
chr16_90014771_A_G_A,0.0
chr16_90034682_A_G_G,0.0
chr17_14995601_T_C_C,0.0
chr17_15014073_T_C_C,0.0
chr17_15016094_C_G_G,0.0
chr17_18389977_CCTCT_C_C,0.0
chr17_18602651_C_T_T,0.0
chr17_20738133_G_A_A,0.0
chr17_34764227_G_A_A,0.0
chr17_37826951_G_A_A,0.0
chr17_47290882_G_A_A,0.0
chr17_49874677_C_T_T,0.0
chr17_65903856_C_CA_CA,0.0
chr17_65908466_C_T_T,0.0
chr17_65916568_G_A_A,0.0
chr17_65918062_C_T_T,0.0
chr17_66990460_A_G_G,0.0
chr18_6034284_T_C_C,0.0
chr18_9871561_G_A_A,0.0
chr18_9872838_C_A_A,0.0
chr18_9952530_T_C_C,0.0
chr18_9958525_T_A_A,0.0
chr16_65498528_A_C_C,0.0
chr16_65494201_G_C_C,0.0
chr16_65489720_A_G_G,0.0
chr16_58987382_A_C_C,0.0
chr16_12282876_C_T_T,0.0
chr16_12334312_A_T_T,0.0
chr16_12339003_G_A_A,0.0
chr16_17070613_C_T_T,0.0
chr16_19138806_T_G_T,0.0
chr16_49726727_C_A_A,0.0
chr16_57666298_G_A_A,0.0
chr16_57677321_G_A_A,0.0
chr16_57709838_C_T_T,0.0
chr16_57710724_T_C_C,0.0
chr16_57723928_AG_A_A,0.0
chr16_58979144_C_T_T,0.0
chr16_58991873_G_A_A,0.0
chr16_65478176_C_T_T,0.0
chr16_65278671_G_A_A,0.0
chr16_65345391_C_A_A,0.0
chr16_65351991_A_C_C,0.0
chr16_65367604_G_A_A,0.0
chr16_65391094_A_C_C,0.0
chr16_65400854_T_G_G,0.0
chr16_65411648_C_T_T,0.0
chr16_65419932_G_A_A,0.0
chr16_65459549_G_C_C,0.0
chr16_65462123_T_A_A,0.0
chr16_65474344_C_G_G,0.0
chr16_65474719_GAC_G_G,0.0
chr18_11578238_G_T_G,0.0
chr18_61944560_A_G_G,0.0
chr18_66823073_CT_C_C,0.0
chr19_44892457_T_C_C,0.0
chr19_44884339_G_A_A,0.0
chr19_44884873_G_A_A,0.0
chr19_44885243_A_G_G,0.0
chr19_44885622_C_CT_CT,0.0
chr19_44887076_A_G_G,0.0
chr19_44888397_G_A_A,0.0
chr19_44888997_C_T_T,0.0
chr19_44889990_T_A_A,0.0
chr19_44891079_T_C_C,0.0
chr19_44891712_T_G_G,0.0
chr19_44892009_G_A_G,0.0
chr19_44892362_A_G_G,0.0
chr19_44892587_G_A_A,0.0
chr19_44883598_A_G_G,0.0
chr19_44892652_C_G_G,0.0
chr19_44892887_C_T_T,0.0
chr19_44892962_C_T_T,0.0
chr19_44893408_G_T_T,0.0
chr19_44893416_G_T_T,0.0
chr19_44893716_G_A_A,0.0
chr19_44894050_C_T_T,0.0
chr19_44894086_G_T_T,0.0
chr19_44894695_T_C_C,0.0
chr19_44894949_A_G_G,0.0
chr19_44895528_C_T_T,0.0
chr19_44895560_C_T_T,0.0
chr19_44884202_C_G_G,0.0
chr19_44883210_G_GTAA_GTAA,0.0
chr18_78904054_C_T_T,0.0
chr19_16389126_T_C_T,0.0
chr19_1051367_C_T_T,0.0
chr19_1056584_T_G_G,0.0
chr19_1058636_C_T_T,0.0
chr19_1062498_C_T_T,0.0
chr19_1068096_T_A_A,0.0
chr19_5603011_T_C_C,0.0
chr19_5669560_G_A_A,0.0
chr19_5671814_G_A_A,0.0
chr19_6410506_T_C_T,0.0
chr19_6875759_C_CA_CA,0.0
chr19_7668907_C_G_G,0.0
chr19_10732507_A_G_G,0.0
chr19_16406563_C_T_T,0.0
chr19_44877704_C_A_A,0.0
chr19_16427766_C_T_T,0.0
chr19_16469089_A_G_A,0.0
chr19_16475835_A_G_A,0.0
chr19_40992443_C_A_C,0.0
chr19_41102239_C_T_T,0.0
chr19_42749353_T_C_C,0.0
chr19_44372569_T_C_C,0.0
chr19_44372859_G_C_C,0.0
chr19_44373103_C_A_A,0.0
chr19_44374367_T_C_C,0.0
chr19_44872507_G_C_C,0.0
chr19_44874887_C_T_T,0.0
chr10_37488166_G_C_C,0.0
chr10_29578178_A_G_G,0.0
chr1_3388452_C_T_T,0.0
chr2_223635896_G_A_A,0.0
chr3_156264013_C_T_T,0.0
chr3_159509075_G_A_A,0.0
chr3_165718306_C_T_T,0.0
chr3_175520545_G_A_A,0.0
chr3_175556949_A_G_G,0.0
chr3_185895397_A_G_G,0.0
chr3_197330630_CT_C_C,0.0
chr4_1717567_T_C_C,0.0
chr4_1743425_C_T_T,0.0
chr4_3834742_C_T_T,0.0
chr4_5941965_C_T_C,0.0
chr4_6061888_C_T_T,0.0
chr4_12822186_G_A_A,0.0
chr4_12824881_T_C_C,0.0
chr4_12827343_A_G_G,0.0
chr4_12828578_C_A_A,0.0
chr4_12830061_C_T_T,0.0
chr4_12831132_G_A_A,0.0
chr4_12841045_T_A_A,0.0
chr4_12886814_T_C_C,0.0
chr4_12886922_A_C_C,0.0
chr4_16347326_T_C_C,0.0
chr4_16351985_G_A_A,0.0
chr4_23986597_T_A_A,0.0
chr4_23993601_C_T_T,0.0
chr4_24021782_T_C_C,0.0
chr4_24029636_C_T_T,0.0
chr3_150395302_C_T_T,0.0
chr3_141292059_G_A_A,0.0
chr3_135839073_C_A_A,0.0
chr3_44826889_G_T_T,0.0
chr3_14410253_T_C_C,0.0
chr3_20756149_T_C_C,0.0
chr3_20756887_A_G_G,0.0
chr3_21681079_C_T_T,0.0
chr3_21742713_C_G_G,0.0
chr3_21851382_A_T_T,0.0
chr3_26384756_T_C_C,0.0
chr3_27048999_T_A_A,0.0
chr3_44559318_ATTG_A_A,0.0
chr3_44596307_T_C_C,0.0
chr3_44656267_A_C_C,0.0
chr3_44816036_CT_C_C,0.0
chr3_44842031_T_A_A,0.0
chr3_124510540_A_G_G,0.0
chr3_53688579_C_T_T,0.0
chr3_61002675_G_A_A,0.0
chr3_72560102_G_A_A,0.0
chr3_77697706_G_A_G,0.0
chr3_108379452_T_A_A,0.0
chr3_108379476_A_ATCT_ATCT,0.0
chr3_118620331_C_A_A,0.0
chr3_118629137_C_T_T,0.0
chr3_118667740_G_A_A,0.0
chr3_118955508_T_G_G,0.0
chr3_119017514_T_C_C,0.0
chr3_119078924_C_T_T,0.0
chr4_24033085_C_T_T,0.0
chr4_24033350_T_G_G,0.0
chr4_26110949_G_A_A,0.0
chr5_81108527_T_C_C,0.0
chr4_142516704_G_A_A,0.0
chr4_152234940_T_C_C,0.0
chr4_172842621_G_A_A,0.0
chr4_181493011_C_A_A,0.0
chr4_181494467_A_T_T,0.0
chr4_182269844_A_G_G,0.0
chr4_182269858_G_A_A,0.0
chr4_186841534_G_A_G,0.0
chr5_5925444_A_G_G,0.0
chr5_5927683_C_T_T,0.0
chr5_28313397_GA_G_G,0.0
chr5_34853057_C_T_T,0.0
chr5_115927658_G_T_T,0.0
chr4_142449464_G_A_A,0.0
chr5_115931930_A_G_G,0.0
chr5_116681733_C_T_T,0.0
chr5_123293040_C_CTCTA_CTCTA,0.0
chr5_123312326_G_T_T,0.0
chr5_128598329_C_A_A,0.0
chr5_128601354_C_G_G,0.0
chr5_128610636_C_G_G,0.0
chr5_128611836_C_G_G,0.0
chr5_128613411_C_G_G,0.0
chr5_128616558_C_G_G,0.0
chr5_128618925_G_T_T,0.0
chr5_128621898_T_C_C,0.0
chr4_142485783_G_T_T,0.0
chr4_142446136_TA_T_T,0.0
chr4_26112176_A_G_G,0.0
chr4_78256841_AACTGTGAGATCATTTAGAACCAT_A_A,0.0
chr4_26117133_T_C_C,0.0
chr4_26120542_A_G_G,0.0
chr4_26121471_G_C_C,0.0
chr4_26121994_A_G_G,0.0
chr4_26123220_T_C_C,0.0
chr4_26123831_T_G_G,0.0
chr4_38817379_A_T_T,0.0
chr4_63311294_C_CT_CT,0.0
chr4_74663721_A_G_G,0.0
chr4_74667470_A_G_G,0.0
chr4_78253581_G_A_A,0.0
chr4_78255978_T_C_C,0.0
chr4_78257444_G_C_C,0.0
chr4_142445269_A_T_T,0.0
chr4_78261891_T_C_C,0.0
chr4_78264083_T_C_C,0.0
chr4_78267147_A_G_G,0.0
chr4_78272023_G_A_A,0.0
chr4_78273922_C_T_T,0.0
chr4_78278599_C_T_T,0.0
chr4_78278626_A_G_G,0.0
chr4_78281487_A_G_G,0.0
chr4_78286421_C_T_T,0.0
chr4_81769125_G_A_A,0.0
chr4_142444586_A_G_G,0.0
chr4_142444876_C_T_T,0.0
chr2_235061526_A_G_G,0.0
chr2_197050034_C_A_A,0.0
chr5_135316682_A_C_C,0.0
chr2_197048801_A_G_A,0.0
chr1_171355209_T_C_C,0.0
chr1_171356249_G_A_A,0.0
chr1_171356547_AT_A_A,0.0
chr1_171399089_G_A_A,0.0
chr1_171399121_C_G_G,0.0
chr1_171407108_T_A_A,0.0
chr1_171408007_G_A_A,0.0
chr1_171409701_C_T_T,0.0
chr1_171409863_A_G_G,0.0
chr1_171415065_G_A_A,0.0
chr1_171415911_G_A_A,0.0
chr1_171418592_G_C_C,0.0
chr1_181626261_C_T_T,0.0
chr1_201678268_C_T_T,0.0
chr1_201681224_TCTC_T_T,0.0
chr1_212172220_T_TG_TG,0.0
chr1_219743310_C_T_T,0.0
chr1_223734377_C_T_T,0.0
chr1_223736281_C_T_T,0.0
chr1_232568555_A_C_C,0.0
chr1_232572105_A_C_C,0.0
chr1_234958062_T_A_A,0.0
chr1_236138104_T_A_A,0.0
chr1_236138844_C_A_A,0.0
chr1_236140354_C_G_G,0.0
chr1_236145723_G_GT_GT,0.0
chr1_236155050_C_T_T,0.0
chr1_171354060_G_A_A,0.0
chr1_171353307_C_T_T,0.0
chr1_171352232_G_A_A,0.0
chr1_83696826_G_A_A,0.0
chr1_3388902_C_A_A,0.0
chr1_29784378_T_C_C,0.0
chr1_29788473_C_T_T,0.0
chr1_47474978_C_A_A,0.0
chr1_59311433_T_C_C,0.0
chr1_59325722_A_C_C,0.0
chr1_59330518_G_A_A,0.0
chr1_59332178_T_TC_TC,0.0
chr1_59335664_A_G_G,0.0
chr1_59341036_T_G_G,0.0
chr1_64197537_T_C_C,0.0
chr1_76774499_C_T_T,0.0
chr1_83700624_C_A_A,0.0
chr1_171351583_T_C_C,0.0
chr1_90634801_G_A_A,0.0
chr1_101715075_G_A_G,0.0
chr1_102739403_C_T_T,0.0
chr1_105180860_A_G_G,0.0
chr1_105399059_C_T_T,0.0
chr1_118557302_A_G_G,0.0
chr1_171345118_T_G_G,0.0
chr1_171348019_T_A_A,0.0
chr1_171348948_C_A_A,0.0
chr1_171349036_T_C_C,0.0
chr1_171349342_C_T_T,0.0
chr1_171350391_G_A_A,0.0
chr1_238653862_C_T_T,0.0
chr1_240728226_G_C_C,0.0
chr2_1671078_T_C_C,0.0
chr2_130024046_A_AAAGT_A,0.0
chr2_119591100_G_A_A,0.0
chr2_119592690_A_G_G,0.0
chr2_119593370_T_A_A,0.0
chr2_119610783_A_G_G,0.0
chr2_119658623_A_G_G,0.0
chr2_119669438_CA_C_CA,0.0
chr2_119681883_C_A_C,0.0
chr2_119694065_TACAC_T_TACAC,0.0
chr2_126954720_T_G_T,0.0
chr2_130001729_C_T_C,0.0
chr2_130002718_T_C_T,0.0
chr2_130022455_T_A_T,0.0
chr2_130139482_G_A_G,0.0
chr2_119578968_G_A_A,0.0
chr2_133583128_T_A_A,0.0
chr2_135875441_C_G_G,0.0
chr2_153109615_C_T_T,0.0
chr2_156455310_T_C_C,0.0
chr2_156487038_G_A_A,0.0
chr2_166744807_T_G_G,0.0
chr2_166768177_C_T_T,0.0
chr2_191122609_C_A_A,0.0
chr2_191129984_C_CTT_CTT,0.0
chr2_191141895_G_A_A,0.0
chr2_197044623_T_G_T,0.0
chr2_197048788_A_G_A,0.0
chr2_119586256_G_A_A,0.0
chr2_115958297_C_T_T,0.0
chr2_1671606_T_C_C,0.0
chr2_47017277_G_A_G,0.0
chr2_1672715_G_C_C,0.0
chr2_3186303_C_T_T,0.0
chr2_3482011_C_T_T,0.0
chr2_10029595_C_A_A,0.0
chr2_10030302_G_A_A,0.0
chr2_10031557_T_C_C,0.0
chr2_10031907_G_A_A,0.0
chr2_18705108_C_T_T,0.0
chr2_34766158_T_C_C,0.0
chr2_34767057_G_C_C,0.0
chr2_36875477_T_C_C,0.0
chr2_36957342_C_T_C,0.0
chr2_75589638_C_T_C,0.0
chr2_115933942_A_G_G,0.0
chr2_84943614_G_C_C,0.0
chr2_84959574_C_T_T,0.0
chr2_85060426_T_A_A,0.0
chr2_103250716_T_A_A,0.0
chr2_103907455_C_T_C,0.0
chr2_103908330_T_C_T,0.0
chr2_103918108_C_T_C,0.0
chr2_109640281_G_A_A,0.0
chr2_111703717_G_A_A,0.0
chr2_111705106_C_CA_CA,0.0
chr2_114184701_C_T_T,0.0
chr2_115928020_T_C_C,0.0
chr5_135312802_G_C_C,0.0
chr5_143221005_T_C_C,0.0
chr10_29151574_C_A_A,0.0
chr7_26300363_G_T_T,0.0
chr7_157993260_T_C_C,0.0
chr8_6193401_A_G_G,0.0
chr8_6193488_T_C_C,0.0
chr8_6193642_A_G_G,0.0
chr8_6194382_G_T_T,0.0
chr8_6194686_A_G_G,0.0
chr8_13695809_C_T_T,0.0
chr8_13698692_G_A_A,0.0
chr8_13732316_T_C_C,0.0
chr8_13743223_C_T_T,0.0
chr8_13808890_C_T_T,0.0
chr8_14151449_G_C_C,0.0
chr8_14176610_T_C_C,0.0
chr8_21874161_C_G_G,0.0
chr8_51489083_C_T_T,0.0
chr8_64904769_C_T_T,0.0
chr8_65033567_A_C_C,0.0
chr8_84215872_C_T_T,0.0
chr8_84216483_G_A_A,0.0
chr8_98185032_C_T_T,0.0
chr8_98185329_A_C_C,0.0
chr8_98187260_C_T_T,0.0
chr8_98187766_G_A_A,0.0
chr8_98189490_C_T_T,0.0
chr8_98193746_T_G_G,0.0
chr8_98194070_G_A_A,0.0
chr8_98214291_G_A_A,0.0
chr7_155478382_A_G_G,0.0
chr7_147688743_AGAG_A_A,0.0
chr7_140041322_GGTTAA_G_G,0.0
chr7_64424268_A_G_G,0.0
chr7_26301350_G_A_A,0.0
chr7_26301387_T_C_C,0.0
chr7_36852128_A_AGG_AGG,0.0
chr7_36889809_C_T_T,0.0
chr7_36894126_C_G_G,0.0
chr7_36907687_G_A_A,0.0
chr7_36908942_T_C_C,0.0
chr7_36911973_C_G_G,0.0
chr7_47828429_A_C_C,0.0
chr7_55236764_G_A_A,0.0
chr7_64421257_C_T_T,0.0
chr7_64423034_G_C_C,0.0
chr7_64427061_G_A_A,0.0
chr7_140017187_C_G_G,0.0
chr7_64436865_T_C_C,0.0
chr7_64453381_A_T_T,0.0
chr7_72919120_G_A_A,0.0
chr7_72928729_CAGA_C_C,0.0
chr7_92532521_A_C_C,0.0
chr7_100636205_T_G_G,0.0
chr7_103757506_C_G_G,0.0
chr7_103845474_C_T_T,0.0
chr7_112041062_G_C_C,0.0
chr7_112043905_C_T_T,0.0
chr7_125353355_A_G_G,0.0
chr7_140009101_G_A_A,0.0
chr8_101083534_C_T_T,0.0
chr8_101083719_G_A_A,0.0
chr8_101088610_T_C_C,0.0
chr10_19504933_C_T_T,0.0
chr10_18794571_A_G_G,0.0
chr10_18848479_G_A_A,0.0
chr10_18864410_C_T_T,0.0
chr10_19492031_G_C_C,0.0
chr10_19492039_A_T_T,0.0
chr10_19495062_C_T_T,0.0
chr10_19502996_A_G_G,0.0
chr10_19503134_T_C_C,0.0
chr10_19504096_C_T_T,0.0
chr10_19504214_G_A_A,0.0
chr10_19504351_C_A_A,0.0
chr10_19504883_C_T_T,0.0
chr10_19506045_G_A_A,0.0
chr10_15519778_A_G_G,0.0
chr10_19507368_C_T_T,0.0
chr10_19507849_A_G_G,0.0
chr10_19514013_G_A_A,0.0
chr10_21191536_A_G_G,0.0
chr10_21192348_C_G_G,0.0
chr10_21194165_T_G_G,0.0
chr10_21194332_C_A_A,0.0
chr10_23670660_C_T_T,0.0
chr10_23686947_T_A_A,0.0
chr10_24299314_T_C_C,0.0
chr10_24302529_T_C_C,0.0
chr10_24304128_C_T_T,0.0
chr10_15523648_G_C_C,0.0
chr10_15519650_A_G_G,0.0
chr8_101090977_G_A_A,0.0
chr9_19925500_T_C_C,0.0
chr8_106601383_A_G_A,0.0
chr8_123697035_A_G_G,0.0
chr8_138500140_G_C_C,0.0
chr8_138501242_C_T_T,0.0
chr8_138501728_G_A_A,0.0
chr8_138534610_T_G_G,0.0
chr8_140287514_T_C_T,0.0
chr8_142177886_G_A_A,0.0
chr9_956573_A_T_T,0.0
chr9_956791_C_A_A,0.0
chr9_7605186_G_A_A,0.0
chr9_19520577_A_G_G,0.0
chr9_19930469_A_T_T,0.0
chr10_15518858_A_G_G,0.0
chr9_21637234_AAAAC_A_A,0.0
chr9_103412579_C_G_G,0.0
chr9_132981516_T_C_C,0.0
chr10_12383261_AT_A_A,0.0
chr10_15510353_C_A_A,0.0
chr10_15510381_C_T_T,0.0
chr10_15516195_G_A_A,0.0
chr10_15516553_G_T_T,0.0
chr10_15517008_C_T_T,0.0
chr10_15517660_G_A_A,0.0
chr10_15518172_T_C_C,0.0
chr10_15518807_A_G_G,0.0
chr7_26301327_T_G_G,0.0
chr7_24500871_T_C_C,0.0
chr5_150113972_T_C_C,0.0
chr7_24498442_G_C_C,0.0
chr6_2510847_A_G_G,0.0
chr6_2510848_C_G_G,0.0
chr6_7966979_C_T_T,0.0
chr6_13169951_A_G_G,0.0
chr6_13186695_G_A_G,0.0
chr6_25243732_CCTAT_C_C,0.0
chr6_33594034_A_T_T,0.0
chr6_34769806_A_G_G,0.0
chr6_35052399_C_T_T,0.0
chr6_35056918_T_C_C,0.0
chr6_35058997_G_A_A,0.0
chr6_35069095_G_A_A,0.0
chr6_35704553_G_C_G,0.0
chr6_35707304_C_T_C,0.0
chr6_35707919_A_G_A,0.0
chr6_35717713_G_A_A,0.0
chr6_49163399_T_C_C,0.0
chr6_90501181_A_G_G,0.0
chr6_95261246_T_G_G,0.0
chr6_95265516_T_C_C,0.0
chr6_105307759_C_T_T,0.0
chr6_105309371_C_T_T,0.0
chr6_105317439_G_C_C,0.0
chr6_105320732_T_G_G,0.0
chr6_105322611_T_C_C,0.0
chr6_105322915_A_G_G,0.0
chr6_105324972_T_C_C,0.0
chr5_178578748_T_C_C,0.0
chr5_170804521_T_C_C,0.0
chr5_170803808_C_T_T,0.0
chr5_165330377_C_T_T,0.0
chr5_150117392_C_T_T,0.0
chr5_152851595_C_T_T,0.0
chr5_157522924_G_A_A,0.0
chr5_163425160_C_T_T,0.0
chr5_165290124_G_A_A,0.0
chr5_165294959_G_A_A,0.0
chr5_165300803_A_G_G,0.0
chr5_165329911_C_G_G,0.0
chr5_165329979_C_T_T,0.0
chr5_165330004_G_A_A,0.0
chr5_165330036_A_G_G,0.0
chr5_165330267_G_A_A,0.0
chr5_165330437_G_A_A,0.0
chr5_170803684_G_A_A,0.0
chr5_165330510_A_G_G,0.0
chr5_165331244_C_T_T,0.0
chr5_165331351_A_G_G,0.0
chr5_165332009_C_A_A,0.0
chr5_166692566_G_A_A,0.0
chr5_166695528_A_G_G,0.0
chr5_166703214_C_T_T,0.0
chr5_166707005_G_A_A,0.0
chr5_166711846_G_C_C,0.0
chr5_166964535_C_T_T,0.0
chr5_167662467_T_C_C,0.0
chr5_170801861_G_A_A,0.0
chr6_105326370_G_C_C,0.0
chr6_105326723_G_A_A,0.0
chr6_105327137_A_G_G,0.0
chr7_22706524_G_A_A,0.0
chr6_108519911_A_C_C,0.0
chr6_146863760_T_C_C,0.0
chr6_152204405_A_G_G,0.0
chr6_152204776_T_G_G,0.0
chr6_152205344_C_T_T,0.0
chr6_152206794_G_A_A,0.0
chr6_152207327_C_T_T,0.0
chr6_166902051_G_A_A,0.0
chr7_6164217_G_C_C,0.0
chr7_19553131_G_A_A,0.0
chr7_22702043_CT_C_CT,0.0
chr7_22702203_T_C_C,0.0
chr7_22706876_G_A_A,0.0
chr6_108517626_T_C_C,0.0
chr7_22707050_T_A_A,0.0
chr7_22708101_G_A_A,0.0
chr7_22709538_G_T_T,0.0
chr7_22709687_A_C_C,0.0
chr7_22714056_G_C_C,0.0
chr7_22757559_G_A_A,0.0
chr7_22757638_A_C_C,0.0
chr7_22759907_A_G_G,0.0
chr7_22760554_T_C_C,0.0
chr7_22762990_A_G_G,0.0
chr7_22768965_T_C_C,0.0
chr7_24497082_A_G_A,0.0
chr6_108519255_G_C_C,0.0
chr6_108516252_A_G_G,0.0
chr6_105328327_G_A_A,0.0
chr6_108481595_AAAAT_A_A,0.0
chr6_105328339_C_T_T,0.0
chr6_105328639_C_A_A,0.0
chr6_105329033_G_A_A,0.0
chr6_105329837_G_A_A,0.0
chr6_106908638_G_T_T,0.0
chr6_106908864_C_T_T,0.0
chr6_106914684_G_A_A,0.0
chr6_107681362_A_G_G,0.0
chr6_108378985_C_T_T,0.0
chr6_108427682_C_T_T,0.0
chr6_108478254_G_A_A,0.0
chr6_108480394_G_T_T,0.0
chr6_108483304_T_C_C,0.0
chr6_108514517_C_G_G,0.0
chr6_108484694_A_T_T,0.0
chr6_108487877_A_T_T,0.0
chr6_108488193_C_T_T,0.0
chr6_108492247_C_G_G,0.0
chr6_108492385_T_C_C,0.0
chr6_108492660_A_T_T,0.0
chr6_108494208_G_A_A,0.0
chr6_108497064_C_T_T,0.0
chr6_108497855_G_A_A,0.0
chr6_108502087_C_T_T,0.0
chr6_108508383_C_G_G,0.0
chr6_108513199_T_C_C,0.0
chr22_50629837_G_A_A,0.0
